"Question","Answer"
"How do I reset my password?","To reset your password, go to the login page and click on the 'Forgot Password' link. Enter the email address associated with your account and follow the instructions sent to your email. You will receive a secure link that allows you to create a new password."
"How can I create a new account?","To create a new account, click on the 'Sign Up' or 'Register' button on the homepage. Fill in your details such as name, email address, and password. After submitting the form, you may need to verify your email before accessing your account."
"What is your refund policy?","Our refund policy allows customers to request a refund within 30 days of purchase. The product must be unused and in its original condition. Once we receive and inspect the returned item, the refund will be processed to your original payment method."
"How long does shipping take?","Shipping times depend on your location and the shipping method selected at checkout. Standard shipping typically takes between 5 to 7 business days, while express shipping may take 2 to 3 business days."
"How can I track my order?","After placing your order, you will receive a confirmation email containing a tracking number. You can use this tracking number on our shipping partner's website or in the 'My Orders' section of your account to see the delivery status."
"Can I cancel my order after placing it?","Yes, orders can be canceled within a limited time after they are placed. Go to the 'My Orders' section in your account and select the order you wish to cancel. If the order has already been shipped, cancellation may not be possible."
"How do I update my account information?","To update your account information, log in to your account and navigate to the 'Account Settings' page. From there, you can edit your personal details such as name, phone number, shipping address, and password."
"What payment methods do you accept?","We accept several payment methods including credit cards, debit cards, net banking, and popular digital wallets. In some regions, we may also support cash on delivery for eligible orders."
"Is my payment information secure?","Yes, we use advanced encryption technology and secure payment gateways to protect your financial information. All transactions are processed through trusted payment providers to ensure safety."
"Do you offer international shipping?","Yes, we offer international shipping to selected countries. Shipping fees and delivery times vary depending on the destination. You can view available shipping options during checkout."
"What should I do if I receive a damaged product?","If you receive a damaged product, please contact our customer support team within 48 hours of delivery. Provide photos of the damaged item and packaging so we can investigate and arrange a replacement or refund."
"How can I contact customer support?","You can contact our customer support team through the 'Contact Us' page on our website. Support is available via email, live chat, or phone depending on your region."
"Do I need an account to place an order?","While you can place an order as a guest in some cases, creating an account allows you to track orders, save addresses, and receive personalized offers."
"How do I change my shipping address?","If your order has not yet been shipped, you can change the shipping address by going to the 'My Orders' section and selecting the order you want to modify. If the order has already been shipped, address changes may not be possible."
"What happens if I forget my username?","If you forget your username, you can usually log in using your registered email address instead. If you are still unable to access your account, contact customer support for assistance."
"How can I delete my account?","To delete your account, please contact customer support with your request. For security reasons, we may ask you to verify your identity before permanently removing your account."
"Are there any membership benefits?","Yes, registered members may receive benefits such as faster checkout, order tracking, special discounts, early access to sales, and personalized product recommendations."
"How do I apply a discount code?","You can apply a discount code during the checkout process. Enter the code in the 'Promo Code' or 'Coupon Code' field and click apply to see the updated total."
"Why is my payment being declined?","Payment declines can occur due to insufficient funds, incorrect card details, expired cards, or restrictions from your bank. Try verifying your details or use a different payment method."
"Can I place bulk orders?","Yes, bulk orders are supported for certain products. For large quantity purchases, we recommend contacting our sales team to receive special pricing and assistance."
"What should I do if my order is delayed?","If your order is delayed beyond the estimated delivery time, check the tracking information first. If the issue persists, contact customer support so we can investigate the delay."
"How do I return a product?","To return a product, go to the 'My Orders' section in your account and select the item you want to return. Follow the return instructions and print the return label if required."
"Are returns free?","Return policies vary depending on the product category and reason for return. Some items qualify for free returns while others may require a return shipping fee."
"When will I receive my refund?","Refunds are usually processed within 5 to 10 business days after the returned product is received and inspected. The amount will be credited to your original payment method."
"Do you offer product warranties?","Some products come with manufacturer warranties. Warranty details are usually listed on the product page and may vary depending on the brand."
"How can I check product availability?","Product availability is displayed on each product page. If an item is out of stock, you may be able to sign up for notifications when it becomes available again."
"Can I save items for later?","Yes, you can add items to your wishlist or save them for later in your cart. This allows you to review and purchase them at a later time."
"Do you provide invoices for orders?","Yes, invoices are automatically generated for every order. You can download your invoice from the 'My Orders' section of your account."
"How do I change my email address?","To change your email address, log in to your account and update it in the 'Account Settings' section. You may need to verify the new email address."
"Is there a mobile app available?","Yes, we offer a mobile application for both Android and iOS devices. You can download it from the Google Play Store or Apple App Store."
"Can I receive notifications about offers?","Yes, you can subscribe to our newsletter or enable app notifications to receive updates about promotions, discounts, and new product launches."
"How do I unsubscribe from emails?","If you no longer wish to receive marketing emails, click the 'Unsubscribe' link located at the bottom of any promotional email."
"What should I do if I entered the wrong delivery address?","If you entered the wrong delivery address, immediately contact customer support or update the address from your order details if the order has not been processed."
"Do you offer gift wrapping?","Yes, gift wrapping is available for selected products. You can select this option during checkout and add a personalized message."
"How can I leave a product review?","To leave a product review, go to the product page and click on the review section. Only verified buyers may be allowed to submit reviews."
"Why was my order canceled?","Orders may be canceled due to payment issues, stock unavailability, or verification problems. You will receive a notification explaining the reason."
"Can I reorder a previous purchase?","Yes, you can reorder items from your purchase history. Simply go to the 'My Orders' section and select the reorder option."
"Do you offer customer support on weekends?","Customer support availability may vary by region. Some support channels such as email may operate 24/7 while phone support may be limited to working hours."
"How can I update my delivery preferences?","Delivery preferences can be updated from your account settings where you can specify preferred addresses and delivery instructions."
"Do you offer loyalty rewards?","Yes, some customers may be eligible for loyalty reward programs where they can earn points for purchases and redeem them for discounts."
"What should I do if my package is marked delivered but not received?","First check with neighbors or building reception. If the package still cannot be located, contact customer support so we can assist you with an investigation."
"Can I schedule a delivery time?","Some shipping partners allow scheduled deliveries. If available, you will see the option to choose a delivery slot during checkout."
"How do I report a technical issue on the website?","If you encounter a technical problem, report it through the 'Contact Us' page with details about the issue and screenshots if possible."
"Do you offer student discounts?","Occasionally we offer student discounts through promotional campaigns. Students may need to verify their eligibility through a partner platform."
"How do I change my password after logging in?","Log in to your account and go to 'Account Settings'. Select the option to change your password and enter your current password followed by your new password."
"Can I pause my account temporarily?","In some cases accounts can be temporarily deactivated. Contact customer support if you wish to pause your account activity."
"How do I enable two-factor authentication?","You can enable two-factor authentication in the security section of your account settings. This adds an extra layer of protection by requiring a verification code."
"What browsers are supported by your website?","Our website supports modern browsers such as Google Chrome, Mozilla Firefox, Microsoft Edge, and Safari for the best experience."
"How do I clear my shopping cart?","You can remove items from your cart individually by clicking the remove button next to each product or use the clear cart option if available."
"What should I do if the website is loading slowly?","Try refreshing the page, clearing your browser cache, or switching to a different browser or internet connection. If the issue continues, report it to support."